{"cameraMode":{"drawMode":0,"name":"Shaded","section":"Shading Mode"},"sceneLighting":false,"audioPlay":false,"sceneViewState":{"m_AlwaysRefresh":false,"showFog":true,"showSkybox":false,"showFlares":true,"showImageEffects":true,"showParticleSystems":true,"showVisualEffectGraphs":true,"m_FxEnabled":true},"in2DMode":false,"pivot":{"x":-18.639999389648439,"y":4.059986114501953,"z":-16.89999771118164},"rotation":{"x":0.3553389310836792,"y":-0.012622645124793053,"z":0.004798085894435644,"w":0.9346447587013245},"size":7.890249729156494,"orthographic":false}