{"cameraMode":{"drawMode":0,"name":"Shaded","section":"Shading Mode"},"sceneLighting":false,"audioPlay":false,"sceneViewState":{"m_AlwaysRefresh":false,"showFog":true,"showSkybox":false,"showFlares":true,"showImageEffects":true,"showParticleSystems":true,"showVisualEffectGraphs":true,"m_FxEnabled":true},"in2DMode":false,"pivot":{"x":-2.384185791015625e-7,"y":0.002436041831970215,"z":0.008271217346191407},"rotation":{"x":-0.2448626160621643,"y":0.3081091344356537,"z":-0.08238860219717026,"w":-0.9156200885772705},"size":8.151511192321778,"orthographic":false}