{"cameraMode":{"drawMode":0,"name":"Shaded","section":"Shading Mode"},"sceneLighting":false,"audioPlay":false,"sceneViewState":{"m_AlwaysRefresh":false,"showFog":true,"showSkybox":false,"showFlares":true,"showImageEffects":true,"showParticleSystems":true,"showVisualEffectGraphs":true,"m_FxEnabled":true},"in2DMode":false,"pivot":{"x":-0.6987400054931641,"y":11.429312705993653,"z":-4.748300552368164},"rotation":{"x":-0.20581285655498506,"y":-0.012625633738934994,"z":0.0026571762282401325,"w":-0.9785146713256836},"size":16.71794891357422,"orthographic":false}