{"cameraMode":{"drawMode":0,"name":"Shaded","section":"Shading Mode"},"sceneLighting":false,"audioPlay":false,"sceneViewState":{"m_AlwaysRefresh":false,"showFog":true,"showSkybox":false,"showFlares":true,"showImageEffects":true,"showParticleSystems":true,"showVisualEffectGraphs":true,"m_FxEnabled":true},"in2DMode":false,"pivot":{"x":0.000026515786885283887,"y":0.000015349345630966127,"z":25.33333396911621},"rotation":{"x":-0.32348987460136416,"y":0.34777554869651797,"z":-0.12924724817276,"w":-0.8704721927642822},"size":25.33333396911621,"orthographic":false}