{"cameraMode":{"drawMode":0,"name":"Shaded","section":"Shading Mode"},"sceneLighting":false,"audioPlay":false,"sceneViewState":{"m_AlwaysRefresh":false,"showFog":true,"showSkybox":false,"showFlares":true,"showImageEffects":true,"showParticleSystems":true,"showVisualEffectGraphs":true,"m_FxEnabled":true},"in2DMode":false,"pivot":{"x":19.489999771118165,"y":2.1299855709075929,"z":-15.860002517700196},"rotation":{"x":0.43342548608779909,"y":0.04187564179301262,"z":-0.020167361944913865,"w":0.8999924063682556},"size":15.860490798950196,"orthographic":false}