{"cameraMode":{"drawMode":0,"name":"Shaded","section":"Shading Mode"},"sceneLighting":false,"audioPlay":false,"sceneViewState":{"m_AlwaysRefresh":false,"showFog":true,"showSkybox":false,"showFlares":true,"showImageEffects":true,"showParticleSystems":true,"showVisualEffectGraphs":true,"m_FxEnabled":true},"in2DMode":false,"pivot":{"x":-14.360837936401368,"y":8.850584030151368,"z":-19.43671226501465},"rotation":{"x":0.3553389310836792,"y":-0.012622645124793053,"z":0.004798085894435644,"w":0.9346447587013245},"size":27.947439193725587,"orthographic":false}