{"cameraMode":{"drawMode":0,"name":"Shaded","section":"Shading Mode"},"sceneLighting":false,"audioPlay":false,"sceneViewState":{"m_AlwaysRefresh":false,"showFog":true,"showSkybox":false,"showFlares":true,"showImageEffects":true,"showParticleSystems":true,"showVisualEffectGraphs":true,"m_FxEnabled":true},"in2DMode":false,"pivot":{"x":0.9954859018325806,"y":-0.2052386999130249,"z":1.7087085247039796},"rotation":{"x":-0.03391566127538681,"y":0.9638774991035461,"z":-0.15041977167129517,"w":-0.2172590047121048},"size":2.1071693897247316,"orthographic":false}