{"cameraMode":{"drawMode":0,"name":"Shaded","section":"Shading Mode"},"sceneLighting":false,"audioPlay":false,"sceneViewState":{"m_AlwaysRefresh":false,"showFog":true,"showSkybox":false,"showFlares":true,"showImageEffects":true,"showParticleSystems":true,"showVisualEffectGraphs":true,"m_FxEnabled":true},"in2DMode":false,"pivot":{"x":-0.0000011920928955078126,"y":-0.002230525016784668,"z":0.0007255077362060547},"rotation":{"x":-0.2448626160621643,"y":0.3081091344356537,"z":-0.08238860219717026,"w":-0.9156200885772705},"size":7.3523077964782719,"orthographic":false}