{"cameraMode":{"drawMode":0,"name":"Shaded","section":"Shading Mode"},"sceneLighting":false,"audioPlay":false,"sceneViewState":{"m_AlwaysRefresh":false,"showFog":true,"showSkybox":false,"showFlares":true,"showImageEffects":true,"showParticleSystems":true,"showVisualEffectGraphs":true,"m_FxEnabled":true},"in2DMode":false,"pivot":{"x":1.1920928955078126e-7,"y":0.11287248134613037,"z":0.0010612010955810547},"rotation":{"x":-0.2448626160621643,"y":0.3081091344356537,"z":-0.08238860219717026,"w":-0.9156200885772705},"size":6.415131568908691,"orthographic":false}